{"2501.18495": 2, "2506.06935": 2, "2507.10237": 1, "2502.02582": 2, "2507.05480": 1, "2507.05184": 1, "2507.05024": 1, "2507.04493": 1, "2507.04053": 1, "2507.02752": 1, "2507.02436": 1, "2507.01913": 1, "2507.01073": 1, "2507.00546": 2, "2507.00459": 1, "2501.02144": 2, "2502.02189": 3, "2506.08423": 2, "2506.19863": 2, "2506.21748": 1, "2506.20739": 1, "2506.19674": 1, "2501.01092": 3, "2503.21201": 2, "2502.07527": 3, "2506.10044": 1, "2506.08224": 2, "2506.05616": 2, "2506.19855": 1, "2506.08057": 1, "2506.07083": 1, "2502.05625": 4, "2506.05680": 1, "2408.08294": 4, "2506.08029": 1, "2503.11568": 2, "2506.00198": 1, "2403.13627": 2, "2410.08562": 4, "2506.00056": 2, "2503.18975": 3, "2411.08464": 2, "2505.19150": 3, "2505.18188": 2, "2505.17491": 2, "2505.16379": 1, "2411.13239": 2, "2405.11783": 2, "2506.01994": 1, "2505.10994": 3, "2503.12057": 2, "2505.10852": 1, "2505.03049": 2, "2505.09203": 1, "2505.09174": 1, "2505.09161": 1, "2505.07906": 1, "2505.07442": 1, "2505.06936": 1, "2505.13477": 1, "2505.06431": 1, "2504.18728": 4, "2412.05031": 2, "2505.00076": 1, "2504.21126": 1, "2504.20278": 2, "2504.19987": 1, "2504.18918": 1, "2504.18854": 1, "2505.01438": 1, "2504.17077": 1, "2504.16893": 2, "2411.10471": 2, "2504.14110": 1, "2504.13048": 1, "2405.13964": 4, "2504.12075": 3, "2504.11678": 1, "2504.09152": 1, "2504.08277": 2, "2407.08797": 3, "2504.08810": 1, "2504.06249": 1, "2504.04940": 1, "2504.03979": 1, "2504.03962": 1, "2504.02528": 1, "2504.02367": 1, "2504.01526": 1, "2411.05179": 2, "2504.00741": 1, "2503.23794": 1, "2503.23766": 1, "2502.01692": 5, "2503.22603": 1, "2503.22737": 1, "2503.19148": 1, "2503.17286": 1, "2311.11092": 3, "2503.16784": 1, "2404.05576": 6, "2412.20796": 2, "2503.10711": 1, "2503.09517": 1, "2503.08207": 1, "2503.07056": 1, "2501.04604": 2, "2501.08998": 3, "2503.02978": 1, "2503.01227": 1, "2503.01046": 1, "2401.11234": 3, "2502.20933": 2, "2502.12638": 2, "2502.19629": 1, "2502.18127": 1, "2305.14749": 7, "2502.16984": 1, "2411.09429": 4, "2502.13899": 1, "2502.13025": 1, "2502.09511": 1, "2502.04998": 1, "2502.04984": 1, "2410.13106": 3, "2502.02905": 1, "2412.17283": 2, "2502.02607": 1, "2405.06096": 2, "2501.17279": 1, "2412.09560": 2, "2501.15626": 1, "2406.17457": 2, "2501.10790": 1, "2409.00564": 3, "2501.08120": 1, "2501.03278": 1, "2411.15221": 2, "2402.05961": 4, "2412.19284": 1, "2412.18414": 1, "2402.17928": 3, "2412.15393": 1, "2412.11398": 1, "2408.11793": 2, "2412.08974": 1, "2411.16770": 2, "2404.05959": 2, "2403.03425": 2, "2412.05937": 1, "2412.05269": 1, "2412.01321": 1, "2411.18259": 1, "2411.16416": 1, "2411.15351": 1, "2411.13689": 1, "2411.13670": 1, "2411.13358": 1, "2411.12280": 1, "2411.12011": 1, "2312.14552": 3, "2411.02982": 2, "2411.04323": 1, "2405.03987": 3, "2411.03156": 1, "2411.02371": 1, "2409.15421": 2, "2410.17518": 2, "2401.00003": 6, "2410.23405": 1, "2410.22828": 1, "2410.20976": 1, "2410.21317": 1, "2409.02009": 2, "2410.18136": 1, "2409.12182": 2, "2410.12771": 1, "2410.04223": 1, "2408.16231": 2, "2401.13858": 3, "2403.07179": 2, "2410.01641": 1, "2410.02824": 1, "2409.13908": 2, "2409.19133": 1, "2409.19124": 1, "2402.05200": 2, "2409.13851": 1, "2311.09891": 2, "2409.12871": 1, "2409.12598": 1, "2405.14787": 2, "2409.07189": 2, "2409.06756": 1, "2409.06191": 1, "2409.06145": 1, "2409.05556": 1, "2312.03690": 4, "2409.03444": 1, "2404.00865": 2, "2306.11715": 2, "2405.13930": 2, "2401.13192": 3, "2408.15097": 1, "2408.14964": 1, "2408.13532": 1, "2408.08526": 1, "2403.15734": 3, "2405.00202": 2, "2408.07608": 1, "2408.07213": 1, "2408.05917": 1, "2403.10846": 2, "2408.02071": 1, "2208.07612": 2, "2408.01114": 1, "2408.00466": 1, "2407.21146": 1, "2407.19089": 1, "2205.14208": 3, "2407.14040": 1, "2405.17260": 2, "2404.06734": 2, "2407.10022": 1, "2407.08957": 1, "2407.06489": 2, "2408.01426": 1, "2407.04636": 1, "2403.17724": 2, "2407.02162": 1, "2402.19378": 2, "2407.00729": 1, "2405.03680": 2, "2406.14443": 1, "2406.13163": 1, "2406.13142": 1, "2406.10536": 1, "2406.09263": 2, "2403.11996": 3, "2401.13570": 2, "2406.01471": 1, "2403.08147": 3, "2406.00468": 1, "2405.18968": 1, "2405.18891": 1, "2405.15226": 1, "2311.11343": 3, "2405.11393": 1, "2405.09897": 1, "2303.11833": 2, "2405.04056": 1, "2207.05209": 2, "2404.16292": 1, "2404.14354": 1, "2404.13351": 1, "2307.02620": 3, "2404.10903": 1, "2304.01996": 3, "2404.10186": 1, "2402.09251": 2, "2404.04825": 1, "2304.10294": 2, "2404.00545": 1, "2401.17788": 2, "2403.15579": 1, "2311.17916": 2, "2306.09549": 4, "2401.16914": 2, "2403.12495": 1, "2403.12257": 1, "2311.06295": 2, "2401.13171": 2, "2403.05952": 1, "2403.02553": 1, "2402.18379": 1, "2402.17728": 1, "2402.12702": 2, "2402.13402": 1, "2402.13054": 1, "2402.11600": 1, "2402.11103": 1, "2402.11102": 1, "2311.10205": 3, "2301.11689": 3, "2304.14621": 3, "2312.09060": 2, "2307.06384": 3, "2312.03687": 2, "2308.11787": 3, "2310.04279": 5, "2401.11967": 1, "2312.13110": 3, "2310.06872": 2, "2401.05848": 1, "2309.15325": 5, "2312.17715": 1, "2312.16073": 1, "2401.06779": 1, "2312.05095": 2, "2312.12607": 1, "2312.11335": 1, "2312.10996": 1, "2310.04925": 2, "2312.07832": 1, "2305.20009": 2, "2309.08788": 2, "2311.13812": 2, "2208.10715": 4, "2312.05472": 1, "2312.05201": 1, "2311.07361": 2, "2312.04214": 1, "2311.13778": 1, "2311.13328": 1, "2311.11060": 1, "2311.05407": 1, "2309.02729": 2, "2311.06297": 1, "2309.06391": 3, "2306.01873": 2, "2310.19998": 1, "2310.16958": 1, "2305.11842": 2, "2306.14519": 3, "2310.16168": 1, "2310.07836": 3, "2310.15124": 1, "2310.14220": 1, "2310.13153": 1, "2401.02961": 1, "2310.07671": 2, "2310.07864": 1, "2310.07197": 1, "2310.07044": 1, "2310.00118": 1, "2309.02040": 2, "2309.16721": 1, "2310.06852": 1, "2212.06197": 3, "2308.16886": 1, "2307.05595": 3, "2308.13000": 1, "2308.09115": 1, "2309.12323": 1, "2308.03628": 2, "2307.15466": 1, "2304.08446": 4, "2306.14705": 2, "2307.11562": 1, "2304.14118": 2, "2307.11794": 1, "2210.12765": 2, "2307.07912": 1, "2301.09051": 2, "2306.06283": 4, "2307.05521": 1, "2307.05506": 1, "2306.17525": 1, "2306.16496": 1, "2302.00615": 2, "2306.10766": 1, "2306.09375": 1, "2307.05378": 1, "2307.05392": 1, "2307.05380": 1, "2305.14624": 1, "2305.12618": 1, "2305.01101": 2, "2305.02917": 1, "2304.14002": 1, "2304.13038": 1, "2304.12400": 1, "2304.12436": 1, "2304.05389": 1, "2304.01565": 1, "2304.00738": 1, "2304.00616": 1, "2303.16412": 1, "2303.12465": 1, "2303.12136": 1, "2303.05545": 1, "2012.02920": 3, "2303.04872": 1, "2302.14103": 1, "2302.13365": 1, "2302.12881": 1, "2007.11228": 2, "2302.11000": 1, "2302.06486": 1, "2302.03331": 1, "2302.00485": 1, "2207.03928": 4, "2205.13578": 2, "2301.08750": 1, "2301.05875": 1, "2301.05824": 1, "2301.00179": 1, "2109.11683": 2, "2212.14235": 1, "2212.12047": 1, "2212.11855": 1, "2212.06929": 1, "2203.14352": 3, "2302.00587": 1, "2212.00023": 2, "2212.02586": 1, "2211.16406": 1, "2211.10729": 1, "2211.08296": 2, "2211.04977": 2, "2202.01338": 3, "2212.03243": 1, "2211.04257": 1, "2211.09727": 1, "2211.01583": 1, "2211.00787": 1, "2210.16873": 1, "2210.16409": 1, "2210.11931": 1, "2210.10838": 1, "2210.07374": 3, "2204.09042": 3, "2210.04629": 1, "2201.11932": 4, "2210.00152": 2, "2111.05949": 4, "2209.14746": 1, "2209.04447": 1, "2209.00055": 1, "2208.14212": 1, "2208.12786": 1, "2208.12717": 1, "2208.05341": 1, "2208.03052": 1, "2208.02841": 1, "2206.14634": 2, "2207.13227": 1, "2208.04146": 1, "2107.10837": 5, "2111.00851": 2, "2204.07235": 2, "2208.01142": 1, "2206.13578": 1, "2206.12159": 1, "2201.12965": 2, "2206.03871": 1, "2206.00602": 1, "2205.10014": 2, "2205.07582": 1, "2011.04426": 4, "2103.02588": 5, "2205.03005": 1, "2205.02554": 1, "2204.13376": 1, "2101.01773": 2, "2111.05284": 2, "2204.00735": 1, "2106.14583": 2, "2111.00916": 3, "2110.10863": 4, "2203.08697": 1, "2101.05339": 2, "2110.06197": 3, "2108.08500": 3, "2201.01932": 2, "2202.02380": 2, "2202.13554": 1, "2202.13309": 1, "2110.00997": 3, "2202.10988": 1,